Title,Video ID
«Ширли-мырли»,QAvHuGRTL0A
Slava Marlow,AXFmQ4Z9fXg
Усачев,JB7E8wuEHjI
Loqiemean,6g6Ap9GZUjk
Александр Гордон,wCCvi-LRQrM
Орлов,5PxzExJQOh4
Гордеева,78b3j2Jk_3A
Тима Белорусских,IE7LDRNwMis
Animal Джаz,gZExnjUcFwA
Ирина Кайратовна,skLvb0JCNJk
Павлов-Андреевич,602k5_r9ZCs
Как просвещение может менять провинцию (Eng subs),6mYxQ6ctV-I
Ивангай,e2hBvHFtzHA
Чебатков,szLLlbmfRIk
Бортич,a1sPKT0OOOg
Сигарев,i9Qmzl17Cxg
Птушкин,recHRnwvAaY
Смирняга,jjz7bxwsn6E
Антон Долин,91yZNamfN1I
Марков,QDHYQ9Nd-GU
MORGENSHTERN,AR6ovvs6Ihg
Монеточка,SgV0-0puqWM
Навальные,vps43rXgaZc
NEXTA,jrOxsjdeccw
Глуховский,ttPXXyUyx6Q
Юра Борисов,xH777TiUF90
Козырев,skFNJ3tB67M
Усович,XnHIsoonXHc
Лошак,PWt27h_scaY
IC3PEAK,95ReakCrKX0
Камчатка,Zv4hIaVvFVI
Деревянко,IkgsUuFmqsQ
Как устроена IT-столица мира,9lO06Zxhu88
Ира Горбачева,sRwXMnLgcK4
Anacondaz,kE04ATMQyso
Лапенко,Uzu9clzaLvg
Андрей Колесников — летописец Путина / вДудь,aiOcgApMVcY
ВИЧ в России,GTRAEpllGZo
Щербаков,x-N2PmMGfnI
Антоха,kvDwwHIugqg
Бардаш,i-v3f-3lbdU
Долгополов,mZjOHXZuRPM
Батыгин,jcu581GBmPs
Бекмамбетов,zl7FAusDuAY
Группа «Порнофильмы»,WjqBS5TI2YE
Нурлан Сабуров,uMR9gTPhVHo
Гуриев,Bj7q5VAf8-w
Реутов ТВ,8Z_IxW8UZfc
Беслан,vF1UGmi5m8s
ГРОТ,I74CLwzAnwA
Балагов,glbSMlBhY30
Егор Крид,CWX0sALDP54
Алексей Иванов,Ppu9wh2AABE
Давидыч,XFqayVEIJwE
Русская Замбия,2Y_HKe37yuU
Колыма,oo1WouI38rQ
Русский Голливуд,Gfn8q7v_5RY
Таир Мамедов,Dn6cxkdEL2A
Айсултан,KGMpPsJQ2uA
Идов,kiu2CSB1JMw
Дмитрий Гордон,in7tepc2shg
Первый рок-фест в СССР,yaCcVs9GVo0
Киселев,7JrIAY5G7jE
Бурунов,TJBWUgXB8w0
Михалков,6cjcgu865ok
Олег Табаков,6oGpWlfYtRM
"Гудков, Соболев, Satyr",s8z28NJTexE
GONE.Fludd,gb97k-YtWdU
Александр «Чача» Иванов,Y_EynulWwNM
Толоконникова,RNbXm8WKmow
Pharaoh,VXK12Uaxt9M
Кинчев,9zCVth5QUAA
Нагиев,7tKb5u52nSE
Johnyboy,IysuqSOFd8o
Белый,hjqFulu_sEY
Лимонов,X2gALEgKXt0
Ивлеева,_PbNqiWNlzQ
Доренко,Ufbtj14TdpM
Сергей Супонев,ckyW08MpmHs
Ефремов,4js1PKLfOeg
Бледный,854JGIkfM2c
Колокольников,M8dcZpf05jE
Балабанов,2kJoQS5m2WU
Хабенский,yZIT6ZtsNxI
Шило,wNOUlTNHPMM
Олег ЛСП,FaNUFAexlA0
Цекало,KwOq5V7hm-M
MTV,YQRmaQ14-LA
Венедиктов,f0wv89CdksM
Пошлая Молли,ou2IHYy5UCY
Агутин,d-Dn2UFOM70
Серебряков,CNJL4GsSrcc
Поперечный,SPauxWv1Rnk
Грудинин,_IPXiNIXuFI
Невзоров,zcjKJ7FHDLM
Ройзман,S9y4R11gzPY
"The Hatters, Аксенова, Покрас Лампас, Пязок",x7Ilf1mAZCk
Человек после войны,Bjg7WSd8dyQ
Петров,Rx_1WLpTrdk
Feduk,qc7AZkWPynE
Слепаков,yP6VGTtRgMI
Шевчук,98pE29S5Gb4
Артемий Лебедев,b9i0tWSuSac
Собчак,wpfpey_0G5A
Познер,wg-TMymYSwE
Face,mmid_NMUoFg
Парфенов,t6i4ElZV1K0
Хлебников,hUNU1Quk7T8
Сергей Бодров,Ed47sWpgvf0
Нейромонах Феофан,Bnl4IrEdL24
Мартиросян,jTq3UidBxp8
Роднянский,M_BfXP57Kdo
Жириновский,OTVDu2rrG90
Гнойный,8GGWedu77SA
Jah Khalib,SewplVuiQ58
Ходорковский,admcvvTMRtU
Александр Паль,gepxfWEhLUA
Чичваркин #2,E1V_qka8ek4
Чичваркин #1,QXijtvUOhX4
Юрий Быков,fWNgXYCnbG0
Тиньков,7yzZcAj24AI
Скриптонит,erg5QTkY4xI
Дмитрий Маликов,tRVyA5LrOEA
Влади (Каста),swGitxlIu2A
Максим Фадеев,ZINRGIthARk
BadComedian,bag-O-KrswA
Гуф,fcW8p345I1E
Noize MC,zM0yFRn4vNA
Навальный,Bf9zvyPachs
Иван Дорн,AktB9I5RRHM
Соболев,KiNrfjrpPNo
Илья Найшуллер,_ll854TBNlE
Ильич (Little Big),Ojh02PksAGY
Амиран (Дневник Хача),DiLrB66Vsr4
Ресторатор,baLHI-u8h5g
Шнур,3or3L8iDOF4
L'One,0fJlwU7okWg
Баста,kOWXvxDOxk8
